Category,Name,Address,Description,Phone,Hours,Notes,Google Map Link,Gender,age,Bathrooms,
housing,City TEAM Recovery Program,164 6TH ST. (at Natoma),One-year residential drug recovery program,(415) 861-8688,Mon-Fri 9am-4pm,Call ahead if you can; apply clean & sober M-F 9-10am. Stay up to 1 yr.,"https://maps.google.com/maps?q=164+6TH+ST+san+francisco&ie=UTF-8&hq=&hnear=0x80858083fa35a90f:0x8c8902e2c4e222ad,164+6th+St,+San+Francisco,+CA+94103&gl=us&ei=zPa0ULr8Oea8igLyyYAw&ved=0CC4Q8gEwAA",M,"A, S",,
housing,A Woman's Place,1049 HOWARD (bet. 6th & 7th Sts; enter on Russ St.),5 beds for women in crisis (rape or domestic violence); stay up to 7 days. 16 shelter beds; stay varies. 16 beds in supportive housing (5 for HIV+ women); stay up to 18 months. 8-bed substance abuse program for any woman 18+; stay 1-4 months.,(415) 487-2140 , Drop in 12pm-4pm for referrals & case management,Call for interview. Phone line open 24 hours a day.,"https://maps.google.com/maps?q=1049+howard+st+san+francisco&ie=UTF-8&hq=&hnear=0x80858083c259a3c7:0x4d0bff2db31cc27c,1049+Howard+St,+San+Francisco,+CA+94103&gl=us&ei=O_i0UNGXCeK6igKy24CoCg&ved=0CC4Q8gEwAA",W,"A, S",,
housing,CHANGES: Mission Neighborhood R.C.,165 CAPP (bet.16th & 17th Sts.),"For a 90-day bed in 1 of 8 shelters, line up by 7am. For a 1-night bed, apply during the hours listed.",(415) 869-7977,"M-W 7am-noon, 2-7pm; Th-F 7am-noon, 2-8pm; Sa 7am-noon.","You’ll be photographed & your finger image will be scanned into a computer for future use. It won’t be saved without your consent. They’ll ask for your Social Security number, but you don’t have to give it. You’ll get a reservation for a bed or mat if one is available. If no bed is available you can wait there during open hours until a bed opens up. You can request a ride to the shelter if elderly or disabled. At the shelter your finger image will be scanned again but not saved. English, Spanish.","https://maps.google.com/maps?q=165+capp+street+san+francisco&ie=UTF-8&hq=&hnear=0x808f7e236073d095:0xbe2fd314c4e459d2,165+Capp+St,+San+Francisco,+CA+94110&gl=us&ei=Kp22UNGUN4XyqAHQyYDoAg&ved=0CC4Q8gEwAA",,"A, S",,
housing,CHANGES: Bayview Hunters Point R.C.,2111 JENNINGS (at Van Dyke),"For a 90-day bed in 1 of 8 shelters, line up by 7am. For a 1-night bed, apply during the hours listed.",(415) 671-1100,"Daily 7-9am, 7pm-10pm","You’ll be photographed & your finger image will be scanned into a computer for future use. It won’t be saved without your consent. They’ll ask for your Social Security number, but you don’t have to give it. You’ll get a reservation for a bed or mat if one is available. If no bed is available you can wait there during open hours until a bed opens up. You can request a ride to the shelter if elderly or disabled. At the shelter your finger image will be scanned again but not saved. English, Spanish.","https://maps.google.com/maps?q=2111+jennings+san+francisco&ie=UTF-8&hq=&hnear=0x808f7f170b2bb921:0xcbf63d3470ca2efa,2111+Jennings+St,+San+Francisco,+CA+94124&gl=us&ei=3aC2UNKQEpOnqwH3zYGYAQ&ved=0CC4Q8gEwAA",,"A, S",,
housing,CHANGES: Glide Walk-In Center,330 ELLIS ST. (at Taylor),"For a 90-day bed in 1 of 8 shelters, line up by 7am. For a 1-night bed, apply during the hours listed.",(415) 674-6012,"Daily 7-11am, 4-9pm","You’ll be photographed & your finger image will be scanned into a computer for future use. It won’t be saved without your consent. They’ll ask for your Social Security number, but you don’t have to give it. You’ll get a reservation for a bed or mat if one is available. If no bed is available you can wait there during open hours until a bed opens up. You can request a ride to the shelter if elderly or disabled. At the shelter your finger image will be scanned again but not saved. English, Spanish.","https://maps.google.com/maps?q=330+ellis+street+san+francisco&ie=UTF-8&hq=&hnear=0x8085808f94d546d7:0x60a6700d1d886fcf,330+Ellis+St,+San+Francisco,+CA+94102&gl=us&ei=yaC2UOuNKMb0qQGL-oCYBw&ved=0CDkQ8gEwAQ",,"A, S",,
housing,CHANGES: MSC South,525 5TH ST. (at Bryant),1-night bed and 24 hour drop-in showers and support services available. Doctors on site. ,(415) 597-7960,"Daily 10am (to reserve a place on the priority list for a 1-night bed, assignable at 6:30pm) or 5-9pm (to apply for a 1-night bed). The MSC is also a 24-hr drop-in center with showers & supportive services available, where you can wait for a bed if there is space. Doctors on site: M 1:30-4pm, 6-8pm (dental); Tu 2-4pm, 6-8pm; W 8am-noon, 7:30-9pm (foot clinic 1st & 3rd W); Th 2-5pm, 6-8pm; F 8am-noon.","You’ll be photographed & your finger image will be scanned into a computer for future use. It won’t be saved without your consent. They’ll ask for your Social Security number, but you don’t have to give it. You’ll get a reservation for a bed or mat if one is available. If no bed is available you can wait there during open hours until a bed opens up. You can request a ride to the shelter if elderly or disabled. At the shelter your finger image will be scanned again but not saved. English, Spanish.","https://maps.google.com/maps?q=525+5th+Street,+San+Francisco,+CA&ie=UTF-8&hq=&hnear=0x808f7fd55de0b111:0xfd87f0589736e6f9,525+5th+St,+San+Francisco,+CA+94107&gl=us&ei=pqC2UNW6MdCtqAGsx4CQAQ&ved=0CC4Q8gEwAA",,"A, S",,
housing,Asian Women’s Shelter,,"For battered women (with or without children). Stay up to 12 wks. Priority to women or transgendered people &their children, with limited resources, who don’t speak English. ","(415) 751-0880 (24 hrs) or 877-751-0880 (24 hrs & toll free) for intake interview. 5pm-9am, calls are answered by Woman, Inc. for crisis counseling. ","New guests M-F only, except in emergencies.","Kitchen & basic food provided for cooking; referrals, counseling & clothing available. Staff speaks Arabic, Cantonese, English, Hindi, Hmong, Indonesian, Japanese, Javanese, Laotian, Mandarin, Mien, Punjabi, Russian, Spanish, Taiwanese, Thai, Urdu, & Vietnamese; other languages by phone interpreter",,W,,,
housing,La Casa de las Madres,"OFFICE: 1663 MISSION, SUITE 225 (bet. So. Van Ness & 13 St)","For battered women (with or without children). Program includes counseling, house meetings, 3 meals daily, & chores. Stay up to 8
weeks. For non-residents: support groups, individual counseling, legal aid with restraining orders.",Crisis line: 877-503-1850. Teen crisis line: 877-923-0700 (counseling & referrals only). All numbers are 24 hrs & toll free. Call 877-503-1850 anytime for shelter,,,"https://maps.google.com/maps?q=1663+mission+street+san+francisco+ca&ie=UTF-8&hq=&hnear=0x808f7e20af796859:0xf732578d5585cde3,1663+Mission+St,+San+Francisco,+CA+94103&gl=us&ei=R9e3UNbXKpHkiwLizoC4BQ&ved=0CDEQ8gEwAA",W,,,
housing,Rosalie House,OFFICE: 1175 HOWARD ST. (at 8th St.),"For battered women (with or without children). Adults $0-1 per week (kids free); stay up to 12 weeks. Guests can’t use drugs or alcohol. Program includes counseling, house meetings & chores. Kitchen & food available.",(415) 255-0165. Call M–F 9am-5pm.,,,"https://maps.google.com/maps?q=1175+howard+st+san+francisco&ie=UTF-8&hq=&hnear=0x80858082e450e1df:0x41da7a40597b23fe,1175+Howard+St,+San+Francisco,+CA+94103&gl=us&ei=Zte3UNxTp9eKAvnOgcgD&ved=0CDEQ8gEwAA",W,,,
housing,Connecting Point,,"Not a shelter itself, but offers placement in shelters for 1- or 2-parent families, expectant couples & pregnant women (with proof) & sometimes household members. Samesex couples accepted. Wait 5-6 months for shelter placement, with case management while waiting.","Call toll free 855-234-2667 (M-F 9am-noon; MWF 1-5pm, Tu 3-5pm, Th 2-5pm).",,"Call for intake interview. If you get an answering machine, leave your name & phone number. If you don’t have a return number, call until you get through. Ask about possible financial help for families facing eviction or move-in costs. Cantonese, English, French, Spanish.",,,,,
housing,Missionaries of Charity,55 SADOWA (bet. San Jose & Plymouth),Women with or without kids (one girl child; or one boy under 4 years); pregnant women (with proof) may stay up to one month after childbirth; others stay up to one month.,"(415) 586-3449 (9-11:30am, 3:30-5:30pm)",,"Be clean & sober, with proof of negative TB & HIV status, & able to live a communal life. Call for appointment for personal interview. 2 meals daily. Leave the house by 9am. Curfew 5pm. No new shelter guests accepted Th.","https://maps.google.com/maps?q=55+SADOWA+san+francisco&ie=UTF-8&hq=&hnear=0x808f7c2572ff3213:0xf50c87e649276939,55+Sadowa+St,+San+Francisco,+CA+94112&gl=us&ei=gte3UOKOEcmwiQLD5oDACw&ved=0CDUQ8gEwAA",W,,,
housing,Diamond Youth Shelter,536 CENTRAL (at Haight),"Shelter for Youths. Dinner, breakfast, showers, counseling & referrals. Length of stay varies. Guardians contacted within 72 hours.","800-669-6196 (toll-free, 24 hrs.) or 567-1020 (M–F 6pm-8am, Sa-Su 8pm-8am)","Youths 12-17 call; or show up M-F 6:30pm- 7:30am, Sa-Sun 4pm-7:30am.",,"https://maps.google.com/maps?q=536+CENTRAL+san+francisco&ie=UTF-8&hq=&hnear=0x808580b288d3ff8b:0xa336e172cb8be79a,536+Central+Ave,+San+Francisco,+CA+94117&gl=us&ei=nte3UJujBbHSigLi1YHQDg&ved=0CDEQ8gEwAA",,"Y, C",,
housing,Diamond Youth Shelter Drop-In Center,1142 Sutter (bet. Larkin & Polk),"Drop-In Clinic for youths. Showers, lockers, food, clothing, case management, education & counseling. English, Spanish.","(415) 673-0911 ext 5 or 252, or 800-669-6196 (toll-free, 24 hrs).","Youths 12-21: M-F 8am-6pm, Sa-Sun 8am-4pm (youths 12-24, Th 2-6pm).",,"https://maps.google.com/maps?q=1142+Sutter+st+san+francisco&ie=UTF-8&hq=&hnear=0x808580946decd267:0xccc4d5487e5fd406,1142+Sutter+St,+San+Francisco,+CA+94109&gl=us&ei=ute3UKjuOcj5igLwjYHgAw&ved=0CDEQ8gEwAA",,"Y, C",,
housing,Huckleberry House,1292 PAGE (at Lyon),"Shelter for Youths. 3 meals daily for shelter guests; access to medical services, case management, and individual & family therapy. English, Spanish.",(415) 621-2929 (24 hrs),Open 24 hrs.,"Youths 11-17 who are not on probation, call if you can or show up to be assessed for short-term housing. If accepted, they’ll contact your guardians within 24 hrs.","https://maps.google.com/maps?q=1292+PAGE+san+francisco&ie=UTF-8&hq=&hnear=0x808580ac30d9c015:0x640cc6560f0626c,1292+Page+St,+San+Francisco,+CA+94117&gl=us&ei=5de3UNCJBIGeiQLrwYHoCg&ved=0CDEQ8gEwAA",,"Y, C",,
housing,Lark Inn,869 ELLIS (at Van Ness),"Shelter fo Youths 18-24.  Length of stay varies; maximum 4 months. 3 meals daily for long-term shelter guests. Job readiness training, remedial education, GED & college-entry prep available. Up to 21 nights per year of emergency shelter; show up at 9:45pm each night for lottery. English, Spanish.","(415) 749-2968 or 800-447-8223 (toll-free, 24 hrs)", Curfew 9:45pm. Leave by 8:30am,"Come in or call any time (24 hrs) to get on waiting list for a bed (40 beds nightly).  Case management required. Curfew 9:45pm. Leave
by 8:30am.","https://maps.google.com/maps?q=869+ellis+st+san+francisco+ca&ie=UTF-8&hq=&hnear=0x80858096fecb016d:0xf490fb09df21d887,869+Ellis+St,+San+Francisco,+CA+94109&gl=us&ei=Cdi3UNnBEMHKiALvuIFY&ved=0CDEQ8gEwAA",,Y,,
medical,San Francisco General Hospital,1001 Potrero Ave (at 23rd St),"Urgent and Primary Care HIV, and Pregnancy testing, Family Planning, Women's Health, Mental Health, and Prenatal Care. For SF residents. $0-full bill. Call for appt.",(415) 206-8000,M-F 8:30-5pm. closed holidays.,"Patient Advocates call (415) 206-5176. Cantonese, English, Mandarin, Russian, Spanish, and Vietnamese. Other languages available.","https://maps.google.com/maps?hl=en&client=firefox-a&q=1001+potrero+ave+san+francisco&ie=UTF-8&hq=&hnear=0x808f7e4a51d1d7a5:0x9ae93945332a44f8,1001+Potrero+Ave,+San+Francisco,+CA+94110&gl=us&ei=gmrPUKW_DYrsiQLL-4DYCw&ved=0CDIQ8gEwAA",,,,
medical,South of Market Health Center,229 7th St (bet. Howard & Folsom),"Urgent and Primary Care, Dental, Podiatry, TB, STD, HIV, and Pregnancy testing, Transgender Services, Women's Health, Family Planning, Prenatal Care, and Immunizations. $0-full bill. Call or drop-in to make appt.",(415) 503-6000,"M-Th 8am-5pm, F-Sat 8am-3:30pm.","Cantonese, English, Mandarin, Spanish, and Tagalog.","https://maps.google.com/maps?oe=utf-8&client=firefox-a&q=229+7th+St&ie=UTF-8&hq=&hnear=0x8085808249b34693:0x9ae8df58dd6627ce,229+7th+St,+San+Francisco,+CA+94103&gl=us&ei=OXPPUO2UEMG2igKmh4H4Ag&ved=0CDUQ8gEwAA",,,,
medical,Tom Waddell Clinic,50 Ivy St (bet. Van Ness & Polk),"Urgent Care, TB Testing, STD Testing, STD Treatment, HIV Testing, HIV Treatment, Dental,
Podiatry, Transgender Svcs, Immunizations, Women’s Health, Mental Health, Primary
Care. $0-full bill. Primary care is for homeless chronically ill people who live in the area. Come in or call for appt.","(415) 355-7400, call (415) 355-7500 for appt.",M-F 8am-5pm,"Drop-in: [1] Urgent Care Clinic M-F 8am-6pm; Sat 8:30am-4:30pm. [2] HIV or Transgender intake Tu 2-4pm. [3] Dental Clinic (6 people seen; homeless only) M & Th 7am (doors open at 8am). [4] TB Tests M-F 9-11am, 1-3pm, Sa 9am-4pm. English, Spanish.","https://maps.google.com/maps?hl=en&client=firefox-a&q=50+Ivy+St+san+francisco&ie=UTF-8&hq=&hnear=0x808580995b83164f:0x1b459c456d627ae9,50+Ivy+St,+San+Francisco,+CA+94102&gl=us&ei=eXPPUOqOFuWsigL5mICADQ&ved=0CDIQ8gEwAA",,"A, S",,
medical,BAART Community Health,433 Turk St (bet. Larkin and Hyde),"Urgent Care, TB Testing, STD Testing, STD Treatment, HIV Testing, Transgender Svcs, Immunizations, Women’s Health, Mental Health, and Primary
Care. $0-full bill. Drop-in or call for appointment.",(415) 928-7800,M-F 6am-2pm,"English, Spanish, & Tagalog.","https://maps.google.com/maps?hl=en&client=firefox-a&q=433+Turk+St+san+francisco&ie=UTF-8&hq=&hnear=0x8085809a77a80c03:0xd31fd014bf578ce1,433+Turk+St,+San+Francisco,+CA+94102&gl=us&ei=uXXPUOKSC-bmiwLk8oBY&ved=0CDIQ8gEwAA",,,,
medical,BAART Community Health,620 Stevenson (at 7th),"Urgent Care, TB Testing, STD Testing, STD Treatment, HIV Testing, Transgender Svcs, Immunizations, Women’s Health, Mental Health, and Primary
Care. $0-full bill. Drop-in or call for appointment.",(415) 863-3883,"MTuThF 7am-10:45am, 12pm-3pm; W 7am-1pm","English, Spanish, & Tagalog.","https://maps.google.com/maps?hl=en&q=620+Stevenson+san+francisco&ie=UTF-8&hq=&hnear=0x80858084ad74dc45:0xca78e537ce490ed4,620+Stevenson+St,+San+Francisco,+CA+94103&gl=us&ei=7xXnUP_WO67cigKfpIGwBw&ved=0CDIQ8gEwAA",,,,
medical,Curry Senior Center,333 TURK (btw. Hyde & Leavenworth),Primary Care and TB testing. $0-full bill. For Tenderloin-SOMA residents 55+. Substance Abuse & Case Management. Call for appt. ,(415) 885-2274,M-F 8am-5pm,"English & Spanish. For Cantonese, Laotian, Mandarin, Russian, Tagalog & Vietnamese, call for day and time.","https://maps.google.com/maps?q=333+turk+san+francisco&ie=UTF-8&hq=&hnear=0x8085809a998e9555:0xd59ea05f7f6c3ee7,333+Turk+St,+San+Francisco,+CA+94102&gl=us&ei=6dbAUKjXHMm0igLQ_4C4Dg&ved=0CDEQ8gEwAA",,S,,
medical,Mission Neighborhood Health Center,240 Shotwell,"TB Testing, Pregnancy Test, STD Testing, STD Treatment, HIV Testing, HIV Treatment,
Podiatry, Immunizations, Women’s Health, Family Planning, Mental Health, Prenatal
Care, Primary Care. Sliding scale (free to homeless). Call for appointment.",(415) 552-3870,"Mon Tues Thurs Fri 8:30am-5pm, W 9:30am-8:30pm","English, Spanish","https://maps.google.com/maps?oe=utf-8&client=firefox-a&q=240+Shotwell+san+francisco&ie=UTF-8&hq=&hnear=0x808f7e24e99708e9:0xb14db2bb156aa304,240+Shotwell+St,+San+Francisco,+CA+94110&gl=us&ei=eSzSUNqVJrHmiwL0hIHwAw&ved=0CDUQ8gEwAA",,,,
medical,North East Medical Services - Stockton Branch,1520 Stockton St (bet. Green & Union),"Urgent and Primary Care, Dental, Podiatry, TB, STD, HIV, and Pregnancy testing, Women's Health, Family Planning, Prenatal Care, and Immunizations. Sliding scale (outpatient medical services free to homeless). Call for appt. Pediatrics & optometry available.",(415) 391-9686,"M-F 8:30am-5:30pm, Sa 8:30am-5pm","Cantonese, English, Korean, Mandarin, Spanish, and Vietnamese.","https://maps.google.com/maps?q=1520+stockton+st+san+francisco&ie=UTF-8&hq=&hnear=0x808580f16ed9f80d:0xded86b65bd8200b,1520+Stockton+St,+San+Francisco,+CA+94133&gl=us&ei=X0nnUIf_LYqciQKLroHwDQ&ved=0CDUQ8gEwAA",,,,
medical,North East Medical Services - Noiega Branch,1450 Noriega (at 22nd Ave.),"Urgent and Primary Care, Dental, Podiatry, TB, STD, HIV, and Pregnancy testing, Women's Health, Family Planning, Prenatal Care, and Immunizations. Sliding scale (outpatient medical services free to homeless). Call for appt. Pediatrics & optometry available.",(415) 391-9686,"M-F 8:30am-5:30pm, Sa 8:30am-5pm","Cantonese, English, Korean, Mandarin, Spanish, and Vietnamese.","https://maps.google.com/maps?hl=en&q=1450+noriega+street+san+francisco&ie=UTF-8&hq=&hnear=0x80858762bd07a575:0x359eabe95564066b,1450+Noriega+St,+San+Francisco,+CA+94122&gl=us&ei=n0nnULWAJeqSiQL6gYHACw&sqi=2&ved=0CDIQ8gEwAA",,,,
medical,North East Medical Services - Leland Branch,82 Leland (bet. Alpha & Desmond),"Urgent and Primary Care, Dental, Podiatry, TB, STD, HIV, and Pregnancy testing, Women's Health, Family Planning, Prenatal Care, and Immunizations. Sliding scale (outpatient medical services free to homeless). Call for appt. Pediatrics & optometry available.",(415) 391-9686,"M-F 8:30am-5:30pm, Sa 8:30am-5pm","Cantonese, English, Korean, Mandarin, Spanish, and Vietnamese.","https://maps.google.com/maps?q=82+Leland+san+francisco&ie=UTF-8&hq=&hnear=0x808f7ed9a6c6cd57:0x82706fa51762c2c9,82+Leland+Ave,+San+Francisco,+CA+94134&gl=us&ei=wEnnUPrgL8L5igLBo4CwCA&ved=0CDUQ8gEwAA",,,,
medical,North East Medical Services - Taraval Branch,2308 Taraval (near 33rd),"Urgent and Primary Care, Dental, Podiatry, TB, STD, HIV, and Pregnancy testing, Women's Health, Family Planning, Prenatal Care, and Immunizations. Sliding scale (outpatient medical services free to homeless). Call for appt. Pediatrics & optometry available.",(415) 391-9686,"M-F 8:30am-5:30pm, Sa 8:30am-5pm","Cantonese, English, Korean, Mandarin, Spanish, and Vietnamese.","https://maps.google.com/maps?q=2308+Taraval+san+francisco&ie=UTF-8&hq=&hnear=0x808f7d828eeea655:0x1bfeef79dd9f19e,2308+Taraval+St,+San+Francisco,+CA+94116&gl=us&ei=30nnUJ_SFaqTiALCzICoCw&ved=0CDUQ8gEwAA",,,,
medical,North East Medical Services - San Bruno Branch,2574 San Bruno (bet. Burrows and Felton),"Urgent and Primary Care, Dental, Podiatry, TB, STD, HIV, and Pregnancy testing, Women's Health, Family Planning, Prenatal Care, and Immunizations. Sliding scale (outpatient medical services free to homeless). Call for appt. Pediatrics & optometry available.",(415) 391-9686,"M-F 8:30am-5:30pm, Sa 8:30am-5pm","Cantonese, English, Korean, Mandarin, Spanish, and Vietnamese.","https://maps.google.com/maps?hl=en&q=2574+San+Bruno+san+francisco&ie=UTF-8&hq=&hnear=0x808f7efcd53e6df1:0xd7d5769a4fa43bac,2574+San+Bruno+Ave,+San+Francisco,+CA+94134&gl=us&ei=BErnUN8o5NyKAtnQgGg&ved=0CDIQ8gEwAA",,,,
medical,Sister Mary Philippa Health Center,"2235 Hayes St, 5th Floor (bet. Stanyan & Shrader)","Urgent Care, HIV Testing, HIV Treatment, Podiatry, Immunizations, Primary Care. $0-full bill. Call for appt.",(415) 750-5500,M-F 8:30am-4:30pm,"Cardiology, rheumatology, orthopedics, surgery, advice nurse, social services, nutrition, diabetes education & pharmacy available. Cambodian, Cantonese, English, Mandarin, Spanish, & Vietnamese.","https://maps.google.com/maps?oe=utf-8&client=firefox-a&q=2235+Hayes+St,+5th+Floor+san+francisco&ie=UTF-8&hq=&hnear=0x8085874e6fdeaeb1:0xd0927fa4ef844cb8,2235+Hayes+St,+San+Francisco,+CA+94117&gl=us&ei=bi7SULzxE-S9igKC24DoCg&ved=0CDUQ8gEwAA",,"A, S",,
medical,Southeast Health Center,2410 Keith St (bet. Armstrong and Bancroft),"Urgent Care, TB Testing, Pregnancy Test, STD Testing, STD Treatment, HIV Testing, HIV
Treatment, Dental, Podiatry, Immunizations, Women’s Health, Family Planning, Mental
Health, Prenatal Care, Primary Care. $0-full bill. Call for appt. MediCal applications by appt.",(415) 750-5500,M-F 8am-5pm. Drop-in: M-Th 12:30pm.,"Call about:optometry; smoking cessation; acupuncture; health education & counseling for grandparents who are primary caretakers of grandchildren; diabetics; those with family problems or those in need of geriatric or pediatric counseling; COPD better breather classes; yoga classes. English & Spanish.
Some Cantonese & Mandarin. Other languages via telephone interpreter.","https://maps.google.com/maps?hl=en&client=firefox-a&q=2410+Keith+St+san+francisco&ie=UTF-8&hq=&hnear=0x808f7f19bbbfecc5:0xe457d6f12e0bfe39,2410+Keith+St,+San+Francisco,+CA+94124&gl=us&ei=pDnSUKfEBcbKiwLYhYBg&ved=0CDYQ8gEwAA",,,,
medical,A Woman's Place,1049 HOWARD ST (bet. 6th & 7th Sts),"Free HIV Treatment, Transgender Svcs, and Primary Care for women (or MTF
transgender)",(415) 487-2140,"Drop In:Tu 10am-1pm & 3-6pm, Th 1:30-5pm. Appointment: M-F 8am-4pm.","Entrance is around the corner on Russ St. Drop-in: Doctor on duty Tu 10am-1pm &
3-6pm, Th 1:30-5pm. Substance abuse program, HIV program, support group & case management available M-F 8am-4pm.","https://maps.google.com/maps?hl=en&client=firefox-a&q=1049+howard+st+san+francisco&ie=UTF-8&hq=&hnear=0x80858083c259a3c7:0x4d0bff2db31cc27c,1049+Howard+St,+San+Francisco,+CA+94103&gl=us&ei=UTrSULPZMbDmiwK1ooDwAQ&sqi=2&ved=0CDIQ8gEwAA",W,,,
medical,Martin de Porres,225 Poterero (near 16th street),Free urgent care,(415) 552-0240,Thursday 12pm-2:30pm,"Th 12-2pm nurse practitioner; 12:30-2pm, health education, referrals, over-the-counter medications. English &Spanish.","https://maps.google.com/maps?hl=en&client=firefox-a&q=225+Potrero+san+francisco&ie=UTF-8&hq=&hnear=0x808f7e2e06d47785:0x2ab047743401922f,225+Potrero+Ave,+San+Francisco,+CA+94103&gl=us&ei=4vTIUO2ULszriQLQ-4D4Dg&ved=0CDIQ8gEwAA",,,,
medical,Mission Neighborhood Resource Ctr.,165 Capp St (bet. 16th and 17th),"Urgent and Primary Care, Mental Health, TB, HIV, and STD testing, Transgender Services and Immunizations. Free for homeless
San Franciscans.",(415) 869-7977,Drop-in: Nurse Practitioner or doctor M-F 8:30am-12pm & M-Th 2-5pm; HIV rapid test Tu 2-4pm; Homeopathy Tu 9am-12pm. ,"Showers, lockers, laundry, case management & support groups available. English & Spanish.","https://maps.google.com/maps?hl=en&client=firefox-a&q=165+capp+st+san+francisco&ie=UTF-8&hq=&hnear=0x808f7e236073d095:0xbe2fd314c4e459d2,165+Capp+St,+San+Francisco,+CA+94110&gl=us&ei=BzzSUK7nNIjoiwK6xYHwCg&ved=0CDIQ8gEwAA",,,,
medical,San Francisco Day Labor Program,3358 CESAR CHAVEZ (bet. Mission & S. Van Ness),Free Urgent Care and HIV testing,"(415) 252-
5375","Drop-in: M 10-11am HIV testing; Tu 9-11am, medical care","First 20 people are seen. Preference given to day laborers. Job referrals M-F 7am-1pm, Sa 7am-noon. English classes available. English & Spanish.","https://maps.google.com/maps?oe=utf-8&client=firefox-a&q=3358+CESAR+CHAVEZ+san+francisco&ie=UTF-8&hq=&hnear=0x808f7e443c3b6203:0x1e2da352e329998b,3358+Cesar+Chavez+St,+San+Francisco,+CA+94110&gl=us&ei=qTzSUMlWz-mJAq2agLAB&ved=0CDUQ8gEwAA",,,,
medical,Glide Health Services,"330 ELLIS ST, 6TH FLOOR (bet. Taylor & Jones)","Urgent and Primary Care, Mental Health, TB and HIV testing, Transgender Services and Immunizations. $0-full bill. For San Francisco residents 18 or over. Call for appt.",(415) 674-6140,"M-F 8:30am-5pm, or drop-in M-W 8:30am & MWTh 12:30pm; acupuncture Drop-In Tu 1-4pm, Th 1-3pm; mental health MW 8:30am; TB testing TuW 9:30-11am & 1:30-3pm.","Confidential HIV oral rapid tests, hepatitis &breast cancer screening, case management, diabetes, hypertension, smoking cessation, yoga & substance abuse services.","https://maps.google.com/maps?oe=utf-8&client=firefox-a&q=330+ELLIS+ST+san+francisco&ie=UTF-8&hq=&hnear=0x8085808f94d546d7:0x60a6700d1d886fcf,330+Ellis+St,+San+Francisco,+CA+94102&gl=us&ei=Tz3SUJv7N6SLjALbwoGYBA&ved=0CDUQ8gEwAA",,"A, S",,
medical,HealthRIGHT 360 - Clayton Clinic,558 Clayton St (at Haight),"Primary Care. Substance abuse treatment; case management if homeless &/
or HIV+. $0-full bill. Call for an appt.",(415) 746-1950,M-F 9am-5pm,English & Spanish.,"https://maps.google.com/maps?oe=utf-8&client=firefox-a&q=558+Clayton+St+san+francisco&ie=UTF-8&hq=&hnear=0x808587531bfdbe67:0x13eac753578fb4a1,558+Clayton+St,+San+Francisco,+CA+94117&gl=us&ei=JD7SUNHXOOf0iQKbyoCgCg&ved=0CDUQ8gEwAA",,,,
medical,HealthRIGHT 360 - Mission Clinic,1735 Mission Street (at 13th St),"HIV Testing, Mental Health, Acupuncture, and Primary Care. $0-full
bill. Call for an appt.",(415) 746-1940,M-F 9am-5pm,Substance abuse treatment; acupuncture.,"https://maps.google.com/maps?oe=utf-8&client=firefox-a&q=1735+Mission+Street+san+francisco&ie=UTF-8&hq=&hnear=0x808f7e211f8496b5:0xdee8251f468610cf,1735+Mission+St,+San+Francisco,+CA+94103&gl=us&ei=GkLSUKupF6iDjALDnIH4DA&ved=0CDUQ8gEwAA",,,,
medical,Huckleberry's Cole Street Clinic,555 COLE ST (at Haight),"Urgent Care, TB Testing, Pregnancy Test, STD Testing, STD Treatment, HIV Testing, HIV
Treatment, Immunizations, Women’s Health, Family Planning, Mental Health, Primary
Care. Free for homeless youth,
others call for info. Call for appt.",(415) 751-8181,"MTuWF 9am-5:30pm, Th 2-6pm. Drop-in: Th 2-6pm","Ages 12-24; if 12-18 & not homeless, parental consent is required for all primary
care services. Call 386-9398 for case management, therapy, & peer health education. Cantonese, English, & Spanish.","https://maps.google.com/maps?oe=utf-8&client=firefox-a&q=555+COLE+ST+san+francisco&ie=UTF-8&hq=&hnear=0x808587524e0f39af:0xd7ab086a25f68fc3,555+Cole+St,+San+Francisco,+CA+94117&gl=us&ei=t0LSUJTjOeTWigKo1oCgDg&ved=0CDUQ8gEwAA",,Y,,
medical,Larkin Street Youth Clinic,1138 SUTTER (bet. Larkin & Polk).,"Urgent Care, TB Testing, Pregnancy Test, STD Testing, STD Treatment, HIV Testing, HIV
Treatment, Transgender Svcs, Immunizations, Women’s Health, Family Planning, Mental
Health, Primary Care. Youths 12-24. Free for those on MediCal or HealthySF.",(415) 673-0911. Ext. 259,"Call MWThF 9am-1pm & 2-5pm, Tu 11am-1pm & 2-5pm. Same-day appt. for some services. Drop-in: M-F 9:30am-1pm & 2-5pm.",English & Spanish.,"https://maps.google.com/maps?oe=utf-8&client=firefox-a&q=1138+SUTTER++san+francisco&ie=UTF-8&hq=&hnear=0x808580947275a563:0x186bb018074cddac,1138+Sutter+St,+San+Francisco,+CA+94109&gl=us&ei=5UPSUL6XLcXUiwLeiYBI&ved=0CDUQ8gEwAA",,Y,,
medical,Lyon-Martin Health Services,"1748 MARKET ST, SUITE 201 (bet. Gough & Octavia)","TB Testing, Pregnancy Test, STD Testing, STD Treatment, HIV Testing, HIV Treatment,
Transgender Svcs, Immunizations, Women’s Health, Family Planning, Mental Health,
Primary Care. MediCal, MediCare, uninsured people $0-full bill. Women & all transgender welcome.",(415) 565-7667,"Call for appt. MTu 11am-7pm, W 1-5pm, Th 9am-5pm.",English & Spanish. Email: info@lyon-martin.org.,"https://maps.google.com/maps?oe=utf-8&client=firefox-a&q=1748+MARKET+ST++san+francisco&ie=UTF-8&hq=&hnear=0x8085809f96a59651:0xcdf5831f0a2f819,1748+Market+St,+San+Francisco,+CA+94102&gl=us&ei=vUTSUIG4AtC0igLHtYG4Cw&ved=0CDUQ8gEwAA",W,,,
medical,New Generation Health Center,625 POTRERO AVE (bet. 18th & 19th Sts),"Pregnancy Test, STD Testing, STD Treatment, Women’s Health, Family Planning. $0-full bill.",(415) 502-8336,"Call MWF 9am-5pm, TuTh 10am-6pm for an appt. Drop-in for emergency contraceptives: MWF 9am-5pm, TuTh 10am-6pm.",English & Spanish.,"https://maps.google.com/maps?oe=utf-8&client=firefox-a&q=625+POTRERO+AVE++san+francisco&ie=UTF-8&hq=&hnear=0x808f7e340049dc21:0xb5cd1d0e6d5a439e,625+Potrero+Ave,+San+Francisco,+CA+94110&gl=us&ei=V0XSUO-LCIKpiALl9IHAAw&ved=0CDUQ8gEwAA",,,,
medical,San Francisco Free Clinic,4900 CALIFORNIA ST (at 11th Ave),"TB Testing, Pregnancy Test, Immunizations, Women’s Health, Family Planning, Primary
Care. Free. Serves only the uninsured.",(415) 750-9894,Call M-F 1-4:30pm for an appt. in a week.,"Cantonese, English, Mandarin, & Spanish. Russian & Vietnamese translators available with a week’s notice","https://maps.google.com/maps?oe=utf-8&client=firefox-a&q=4900+CALIFORNIA+ST++san+francisco&ie=UTF-8&hq=&hnear=0x80858717fa74c76f:0xf965a9217208b2dd,4900+California+St,+San+Francisco,+CA+94118&gl=us&ei=oUXSUJPgJ5DbigKn6ID4Bw&ved=0CDUQ8gEwAA",,,,
medical,St. Anthony Medical Clinic,150 GOLDEN GATE AVE (at Jones).,"TB Testing, Pregnancy Test, HIV Testing, Podiatry, Immunizations, Women’s Health, Mental
Health, Primary Care. $0-full bill; SFHealth plans welcome. SF residents only.",(415) 241-8320,"To schedule appt, come in person: M-F 8-noon or MTuThF 1-4pm. Podiatry clinic Tu 1pm, WTh 8am. Pediatric clinic Tu-Th 8am-noon & 1-4:30pm.","Call for allergy & asthma, & nutrition clinics. ASL, Cantonese, English, French, Hindi, Lao, Mandarin, Mongolian, Russian, Spanish, & Thai.","https://maps.google.com/maps?oe=utf-8&client=firefox-a&q=150+GOLDEN+GATE+AVE++san+francisco&ie=UTF-8&hq=&hnear=0x8085809ac9335d89:0x29796d7f896bd754,150+Golden+Gate+Ave,+San+Francisco,+CA+94102&gl=us&ei=v0XSUKa3KY3aigKok4DICg&ved=0CDUQ8gEwAA",,"C, Y, A",,
medical,St. James Infirmary,1372 MISSION (bet. 9th & 10th),"Pregnancy Test, STD Testing, STD Treatment, HIV Testing, Transgender Svcs, Immunizations,
Women’s Health, Family Planning, Primary Care. Free. For current, former & transitioning sex workers & current primary partners (must come
together) and their children 12+.",(415) 554-8494.,"Call 554-9634 M-F 9am-5pm for WTh appointment. Drop-in: Tu 3-6pm, needle exchange; W 6-9pm, medical care.","Hepatitis testing available; also food, clothing, condoms, lube, massage, acupuncture, counseling, harm reduction. English. Cantonese, Korean, Mandarin, Spanish, Thai, & Vietnamese by appointment","https://maps.google.com/maps?oe=utf-8&client=firefox-a&q=1372+MISSION++san+francisco&ie=UTF-8&hq=&hnear=0x808580950656cf95:0x19d76efe87420c13,1372+El+Camino+Real,+San+Francisco,+CA&gl=us&ei=2kXSUMWJAaPKiwLk3oDgDw&ved=0CDUQ8gEwAA",,,,
medical,Women's Community Clinic,"1833 FILLMORE ST, 3RD FLOOR (bet. Bush & Sutter)","Pregnancy Test, STD Testing, STD Treatment, HIV Testing, Women’s Health, Family Planning. $0-
full bill. Call for appt.Female-identifi ed or female-bodied welcome.

",(415) 379-7800,"MTh 1-9pm, Tu 9am-9pm, WF 9am-5pm, Sa 9am-1pm.",English & Spanish.,"https://maps.google.com/maps?oe=utf-8&client=firefox-a&q=1833+FILLMORE+ST+san+francisco&ie=UTF-8&hq=&hnear=0x808580b87400c599:0x5b59377c4510bbfd,1833+Fillmore+St,+San+Francisco,+CA+94115&gl=us&ei=9UXSUOTzB-bOiwKP_4GYAw&ved=0CDUQ8gEwAA",W,,,
medical,City Clinic,356 7TH ST (bet. Folsom & Harrison),"Pregnancy Test, STD Testing, STD Treatment, HIV Testing, Family Planning. $10 fee, no one turned away for lack
of funds.",(415) 487-5500,"Drop-in (come early!): MWF 8am-4pm, Tu 3-6pm, Th 3-4pm; people with STD symptoms TuTh 1-3pm; Family Planning MWF 8am-3pm, Tu 3-6pm or call 487-5552 or email sfccwomensclinic@sfdph.org for Th morning family planning appt.","HIV early care clinic by appt only. HIV Post Exposure Prophylaxis & emergency contraception available after clinician assessment. HIV testing only if clinician assesses high risk. Cantonese, English,Mandarin, Russian, Spanish, & Tagalog.","https://maps.google.com/maps?hl=en&client=firefox-a&q=356-7TH+ST+san+francisco&ie=UTF-8&hq=&hnear=0x80858081fff68309:0x784a4a291aa83e49,356+7th+St,+San+Francisco,+CA+94103&gl=us&ei=D0bSUIXkG4miiQLLpICQCg&ved=0CDIQ8gEwAA",,,,
medical,UCSF Alliance Health Project,1930 MARKET (bet Laguna & Buchanan),"HIV Testing. Donation requested, not required.",(415) 502-8378,"For rapid HIV testing call Tu-F 11am-4:30pm for appt or drop-in Tu 5-7pm WTh 12-7pm, F 12-5pm, Sa 9am-12pm.",Confi dential. HIV & risk assessment counseling available. English & Spanish. Other languages by appt.,"https://maps.google.com/maps?oe=utf-8&client=firefox-a&q=1930+MARKET+san+francisco&ie=UTF-8&hq=&hnear=0x808580a07457fd4b:0x1b752b23e958e696,1930+Market+St,+San+Francisco,+CA+94102&gl=us&ei=OEbSUIOBJembiQLh74CADA&ved=0CDUQ8gEwAA",,,,
medical,American College of Traditonal Medicine,"555 DeHaro, Room G",Acupuncture. Free drop-in ear clinic,(415) 282-9603,Mon and Tues 130pm-4:15pm. Wed and Thurs 9am-11:45am,,"https://maps.google.com/maps?oe=utf-8&client=firefox-a&q=555+DeHaro+san+francisco&ie=UTF-8&hq=&hnear=0x808f7fcb4cf89eb5:0x5bb7592628de2b8a,555+De+Haro+St,+San+Francisco,+CA+94107&gl=us&ei=lqLUUK-RGqj9iwKM6ICoBQ&ved=0CDUQ8gEwAA",,,,
medical,Surgery: Operation Access,"115 SANSOME, SUITE 1205 (at Bush)",Free Surgery. Call M-F 9am-5pm for information on how to get a referral for free outpatient surgery.,(415) 733-0052,,"English, Portuguese, & Spanish. Other language interpreters available.","https://maps.google.com/maps?oe=utf-8&client=firefox-a&q=115+SANSOME+san+francisco&ie=UTF-8&hq=&hnear=0x808580620f56f5bf:0x9239aec85acc9908,115+Sansome+St,+San+Francisco,+CA+94104&gl=us&ei=8aPUUOC_EMaQiQK9gYG4BA&ved=0CDUQ8gEwAA",,,,
medical,Syringe Access Services,,"Call Syringe Access Services, 241-5100, for times
& places. Needle exchange, condoms, abscess care, HIV/Hep C
testing, Hep A & B vaccinations, & basic medical services.",(415) 241-5100,,English & Spanish,,,,,
medical,Institute for Health & Healing,2040 WEBSTER ST (at Sacramento),A free self-help medical research reading room,(415) 600-3681,Call for an appointment TuTh 9:30am-5pm.,,"https://maps.google.com/maps?oe=utf-8&client=firefox-a&q=2040+WEBSTER+ST+san+francisco&ie=UTF-8&hq=&hnear=0x808580c701e1d5ab:0x46d9fb1eef3dfb6d,2040+Webster+St,+San+Francisco,+CA+94115&gl=us&ei=-qTUUPmYKuL-iwK7-oDIDA&ved=0CDUQ8gEwAA",,,,
medical,San Francisco Rape Treatment Center,"2727 MARIPOSA, STE 100 (bet. Florida & Bryant)","Rape Treatment and Crisis Center for all 18+ victims including LGBTQQ. Medical & psychological counseling. 24 hr. crisis intervention, evidence collection & medical care via SF General Hospital Emergency. All services free of charge.",(415) 437-3000,"To see social worker, come M-F 8am-5pm ",,"https://maps.google.com/maps?oe=utf-8&client=firefox-a&q=2727+MARIPOSA+san+francisco&ie=UTF-8&hq=&hnear=0x808f7e30f8ec5141:0x3203db4d032cd95,2727+Mariposa+St,+San+Francisco,+CA+94110&gl=us&ei=vqXUUPDfIuSbjAKL9oCoAQ&ved=0CDUQ8gEwAA",,,,
hygiene,A Woman's Place,1049 Howard St (between 6th and 7th),A place to shower,(415) 487-2140,open daily for showers 8am-4:30pm,Towels are sometimes provided but you may need to bring your own. Soap and Shampoo are provided,"https://maps.google.com/maps?q=1049+howard+st+san+francisco&ie=UTF-8&hq=&hnear=0x80858083c259a3c7:0x4d0bff2db31cc27c,1049+Howard+St,+San+Francisco,+CA+94103&gl=us&ei=CHLkUPnBGOvliwLcj4GICg&ved=0CDIQ8gEwAA",W,,,
hygiene,Martin De Porres,225 Poterero (near 16th street),A place to shower on Tuesday and Thursdays,(415) 869-0240,"center open daily, showers available Tuesday and Thursday. Sign up at 9am",Hygiene products distriubuted Tuesday and Thursday from 6:30am-7:30am at breakfast. Towels for showers are provided.,"https://maps.google.com/maps?hl=en&client=firefox-a&q=225+Potrero+san+francisco&ie=UTF-8&hq=&hnear=0x808f7e2e06d47785:0x2ab047743401922f,225+Potrero+Ave,+San+Francisco,+CA+94103&gl=us&ei=4vTIUO2ULszriQLQ-4D4Dg&ved=0CDIQ8gEwAA",,,,
hygiene,Mission Neighborhood Health Resource Center,165 CAPP (bet.16th & 17th Sts.),A place to shower and do laundry,(415) 869-7977,"Shower: M-F 7am-11:30am, Wed 2pm-5pm.  Laundry: Mon, Thurs, Fri 7am-11am. Tues & Wed 2pm-5pm",Towels and liquid soaps provided. Hygiene items sometimes provided. Laundry costs are .25 per cycle.,"https://maps.google.com/maps?hl=en&client=firefox-a&q=165+capp+st+san+francisco&ie=UTF-8&hq=&hnear=0x808f7e236073d095:0xbe2fd314c4e459d2,165+Capp+St,+San+Francisco,+CA+94110&gl=us&ei=BzzSUK7nNIjoiwK6xYHwCg&ved=0CDIQ8gEwAA",,,,
hygiene,Mult- Service Center South,525 5TH ST. (at Bryant),A place to shower. Open daily.,(415) 597-7960,Showers are available 24 hrs. a day,"Towels, soap, and shampoo are provided. Towels distributed all day.","https://maps.google.com/maps?q=525+5th+Street,+San+Francisco,+CA&ie=UTF-8&hq=&hnear=0x808f7fd55de0b111:0xfd87f0589736e6f9,525+5th+St,+San+Francisco,+CA+94107&gl=us&ei=pqC2UNW6MdCtqAGsx4CQAQ&ved=0CC4Q8gEwAA",,,,
hygiene,UCHS Bayview Hunters Point Drop In Center,2111 JENNINGS (at Van Dyke),A place to shower and do laundry. Open daily.,(415) 671-1100,open daily. showers and laundry available from 7pm-11pm.,"Towels, soap, and shampoo are provided. Laundry cycle costs are .25 per cycle.","https://maps.google.com/maps?q=2111+jennings+san+francisco&ie=UTF-8&hq=&hnear=0x808f7f170b2bb921:0xcbf63d3470ca2efa,2111+Jennings+St,+San+Francisco,+CA+94124&gl=us&ei=3aC2UNKQEpOnqwH3zYGYAQ&ved=0CC4Q8gEwAA",,,,
hygiene,Womack Salon,598 Silver Avenue,Free haircuts on Tuesdays,(415) 334-7774,Tues 11:00am to 3:00pm,,"https://maps.google.com/maps?q=598+Silver+Avenue+san+francisco&ie=UTF-8&hq=&hnear=0x808f7ef4b39020b9:0xa297f7f86cfde13,598+Silver+Ave,+San+Francisco,+CA+94112&gl=us&ei=loLkUNv5IJDtiQL2t4DYCA&ved=0CDIQ8gEwAA",,,,
technology,Tenderloin Technology Lab,150 Golden Gate Ave,"free computer use, free computer classes, resume and cover letter assistance",(415) 592-2766,"M-F *8:30am-12pm, MTRF 1:30pm-4:30pm, Saturday 10:00AM-3:00PM ","In order to use the facilities and services, you must attend a thirty minute orientation offered every Wednesday and Friday at 9:00AM","https://maps.google.com/maps?f=q&source=s_q&hl=en&geocode=&q=tenderloin+tech+lab&aq=&sll=37.783333,-122.41687&sspn=0.002139,0.002248&vpsrc=0&g=37.78318,-122.417328&ie=UTF8&hq=tech+lab&hnear=Tenderloin,+San+Francisco,+California&t=m&z=17&cid=1289493881189127636&iwloc=A",,,Yes,
technology,SF Public Library - Main Branch,100 Larkin Street (near 8th and Market),"free computer access. four floors with 18 One Hour Internet computers. 6 Express 15-minute Internet computers, and 4 Recessed/Privacy Computer (walk-up use/first come, first served, no pre-reservation offered) per floor. You must have a library card for computer use and must reserve computers in advance. Guests are limited to one hour of computer use per day. Black and White printing is 10 cents per page, Color printing is 40 cents per page. ",(415) 557-4400,"Mon 10am-6pm, Tue 9am-8pm, Wed 9am-8pm, Thur 9am-8pm, Fri 12pm-6pm, Sat 10am-6pm, Sun 12pm-5pm",Local branches have Internet access with varying policies. Computer use at branches is limited to 30 minutes per session.,"https://maps.google.com/maps?q=100+larkin+street+san+francisco&ie=UTF-8&hq=&hnear=0x8085809b9c299c01:0xa75855727b06c20e,100+Larkin+St,+San+Francisco,+CA+94102&gl=us&ei=DGvkULjSKKuWjAK5-IGIDA&ved=0CDIQ8gEwAA",,,,
technology,DR. GEORGE W. DAVIS SENIOR CENTER,1706 Yosemite,"Free computer use, black and white printer, scanner. Seniors only",(415) 822-1444,M-F 9-5,5 computers,"https://maps.google.com/maps?q=1706+Yosemite+San+Francisco,+CA+94124&ie=UTF-8&hq=&hnear=0x808f7f1bdb2aab3b:0x1f44207d4aa23a71,1706+Yosemite+Ave,+San+Francisco,+CA+94124&gl=us&ei=VLnkUP-vOIfxiwKnzoCgCA&ved=0CEEQ8gEwAA",,S,,
technology,30TH STREET SENIOR CENTER,225 30th Street,"Free computer use, free computer classes. black and white printer. Seniors only",(415) 550-2210,Call or check their website for hours and class schedule,http://www.onlok.org/30thStreetSeniorCenter.aspx,"https://maps.google.com/maps?q=225+-+30th+Street+San+Francisco,+CA+94131&ie=UTF-8&hq=&hnear=0x808f7e680c1e4c0b:0xf83533513dc46407,225+30th+St,+San+Francisco,+CA+94131&gl=us&ei=ELzkUN3IEbT9iQKmjYHgBg&ved=0CDIQ8gEwAA",,S,,
technology,Plaza Adelante Tech Center,"2301 Mission Street, Suite 203","Free computer classes, workshops, and certification courses preparing students for industry recognized certification exams",(415) 550-8595 ext 115,Call or check their website for hours and class schedule. Register on-line or over the phone ,http://www.plazaadelante.org/main/,"https://maps.google.com/maps?q=2301+Mission+Street,+Suite+203+san+francisco&ie=UTF-8&hq=&hnear=0x808f7e3c6369b49b:0x3d67f8f82cbac4e8,2301+Mission+St+%23203,+San+Francisco,+CA+94110&gl=us&ei=kg7mUOzZL83MigKrwYDgCA&ved=0CDUQ8gEwAA",,,,
technology,Chinatown One Stop Career Link Center,601 Jackson Street,"Job Search Assistance, Career Planning and Exploration, Job Preparation Workshops, Training Opportunities, Access to Resource Room with Computers, Fax and Copy machines, Unemployment Information (link to EDD), Availability of Supportive Services (including childcare and transportation). All services are free of charge.",(415) 677-7500,M-F 9am-5pm,,"https://maps.google.com/maps?q=601+jackson+street+san+francisco+ca&ie=UTF-8&hq=&hnear=0x808580f4ced8987d:0xa3e024664ed481fc,601+Jackson+St,+San+Francisco,+CA+94133&gl=us&ei=hhbmUM6KBKroiwKr-oHgDA&ved=0CDUQ8gEwAA",,,,
technology,SOMA One Stop Career Link Center,1500 Mission Street,"Job Search Assistance, Career Planning and Exploration, Job Preparation Workshops, Training Opportunities, Access to Resource Room with Computers, Fax and Copy machines, Unemployment Information (link to EDD), Availability of Supportive Services (including childcare and transportation). All services are free of charge.",(415) 575-4570,M-F 9am-5pm,,"https://maps.google.com/maps?hl=en&q=1500+Mission+Street+san+francisco+ca&ie=UTF-8&hq=&hnear=0x8085809dc411c10b:0x3d437b53df8a2715,1500+Mission+St,+San+Francisco,+CA+94103&gl=us&ei=qxbmUIDRNMO2iwLpz4HQDg&ved=0CDIQ8gEwAA",,,,
technology,Western Addition One Stop Career Link Center,1449 Webster Street,"Job Search Assistance, Career Planning and Exploration, Job Preparation Workshops, Training Opportunities, Access to Resource Room with Computers, Fax and Copy machines, Unemployment Information (link to EDD), Availability of Supportive Services (including childcare and transportation). All services are free of charge.",(415) 655-2620,M-Thurs 9am-1pm,,"https://maps.google.com/maps?hl=en&q=1449+Webster+Street+san+francisco+ca&ie=UTF-8&hq=&hnear=0x808580b941e8b8b9:0x7fa3369992a97b91,1449+Webster+St,+San+Francisco,+CA+94115&gl=us&ei=3RbmULeMPKKeiALTi4GYBQ&ved=0CDIQ8gEwAA",,,,
technology,Visitacion Valley One Stop Career Link Center,73 Leland Avenue,"Job Search Assistance, Career Planning and Exploration, Job Preparation Workshops, Training Opportunities, Access to Resource Room with Computers, Fax and Copy machines, Unemployment Information (link to EDD), Availability of Supportive Services (including childcare and transportation). All services are free of charge.",(415) 239-8705,M-F 9am-5pm,,"https://maps.google.com/maps?hl=en&q=73+Leland+Avenue+san+francisco+ca&ie=UTF-8&hq=&hnear=0x808f7ed9a3f6b0ab:0xb8ac8bfa7d4d4246,73+Leland+Ave,+San+Francisco,+CA+94134&gl=us&ei=CBfmUPj-CsazigKnvIGYDQ&ved=0CDIQ8gEwAA",,,,
technology,Civic Center One Stop Career Link Center,801 Turk Street,"Job Search Assistance, Career Planning and Exploration, Job Preparation Workshops, Training Opportunities, Access to Resource Room with Computers, Fax and Copy machines, Unemployment Information (link to EDD), Availability of Supportive Services (including childcare and transportation). All services are free of charge.",(415) 749-7503,M-F 9am-5pm,*Must have Right to Work Documents,"https://maps.google.com/maps?hl=en&q=801+Turk+Street+san+francisco+ca&ie=UTF-8&hq=&hnear=0x8085809794963b19:0x7170edfff40362ab,801+Turk+St,+San+Francisco,+CA+94102&gl=us&ei=QBfmUIqIMbDXigLhooDwAQ&ved=0CDIQ8gEwAA",,,,
technology,Mission Street One Stop Career Link Center,3120 Mission Street  ,"Job Search Assistance, Career Planning and Exploration, Job Preparation Workshops, Training Opportunities, Access to Resource Room with Computers, Fax and Copy machines, Unemployment Information (link to EDD), Availability of Supportive Services (including childcare and transportation). All services are free of charge.",(415) 401-4800 ,M-F 9am-5pm,,"https://maps.google.com/maps?hl=en&q=3120+Mission+Street+++san+francisco+ca&ie=UTF-8&hq=&hnear=0x808f7e43ef51538d:0x5e47ea46360b0f6b,3120+Mission+St,+San+Francisco,+CA+94110&gl=us&ei=ZxfmUJ6HG6zTigLmiYDwDg&ved=0CDIQ8gEwAA",,,,
technology,JVS,"225 Bush Street, Suite 400","Computer lab and resources to help with job search. Free Job Search Assistance, Computer and Job Search Skills Workshops, Employer Spotlights, and Job Search Strategy Groups. Use of computer lab to improve your typing speed and computer skills with self-paced tutorials. Resume and cover letter assistance. Assistance studying for GED, NCLEX-PN, and NCLEX-RN.",(415)782-6217,M-F 9:00am-4:45pm,"Use of lab and computers are specifically for job search. To use facilities, Guests must enroll in the program by attending one of our TAC Enrollment sessions held on Mondays from 2:00-3:00pm, Wednesdays from 2:30-3:30pm, and Fridays from 10:30-11:30am.","https://maps.google.com/maps?hl=en&q=225+Bush+Street,+Suite+400+san+francisco&ie=UTF-8&hq=&hnear=0x808580620bc5ae63:0xf5b50da4aa602943,225+Bush+St+%23400,+San+Francisco,+CA+94104&gl=us&ei=IhHnUPKSCsTmiwLhg4HYAQ&ved=0CDIQ8gEwAA",,,,
food,Bayview TLC Family Resource Center,"1601 LANE ST (at Quesada, in Bayview YMCA)",weekly food pantry (Thursday) and emergency food box. ,(415) 822-9404,Th 2-4pm,Must live in 94124 zip code. ID required. Bring a bag. Call M-F for one-time-only emergency food box for any SF resident (no ID required).,"https://maps.google.com/maps?hl=en&ie=UTF-8&q=bayview+tlc+family+resource+center&fb=1&gl=us&hq=bayview+tlc+family+resource+center&cid=0,0,13106772066554151138&ei=wPy8UI6OFqrkiALB3YGoDQ&ved=0CJIBEPwSMAM",,,,Food Pantry
food,Church of God of Prophecy,6212 Third Street (near Paul St.),weekly food pantry (Wednesday),,Wed 12:15pm,Apply Wed 12:15pm to pick up food every Wed. Must live in 94124 zip code. ID required. Those not signed up may line up Wed 12:15pm to see if there's extra.,"https://maps.google.com/maps?hl=en&q=6212+Third+Street&ie=UTF-8&hq=&hnear=0x808f7f1f559b241d:0xff11cd72b86ab969,6212+3rd+St,+San+Francisco,+CA+94124&gl=us&ei=PgG9UMeKCMTKiwKZ1IGYBw&ved=0CC4Q8gEwAA",,,,Food Pantry
food,Heritage Homes,243 Rey (at Sunnydale),weekly food pantry (Monday),(415) 333-9956,Mon 12-3pm,For residents of Heritage Homes/Britton Court. Photo ID required,"https://maps.google.com/maps?hl=en&q=243+rey+st+san+francisco&ie=UTF-8&hq=&hnear=0x808f7edb45a3f81d:0x55b9568c6c4b57f5,243+Rey+St,+San+Francisco,+CA+94134&gl=us&ei=XQG9UPqnKeG6igLhoICIBg&sqi=2&ved=0CC4Q8gEwAA",,,,Food Pantry
food,Our Lady of Lourdes,410 Hawes (at Innes),weekly food pantry (Saturday),(415) 235-7634,Sat 9:30am-11:30am,"Line up Sat 8:30am (except 1st Sat of the month) for ticket for food given out 9:30-11:30am. ID and proof of address required. Bring a bag. English, Spanish","https://maps.google.com/maps?hl=en&q=410+Hawes+Street,+San+Francisco,+CA&ie=UTF-8&hq=&hnear=0x808f7f6c9854f657:0x71fd5989100393a0,410+Hawes+St,+San+Francisco,+CA+94124&gl=us&ei=dQG9UP_GH4XriwLqwICgAg&ved=0CC4Q8gEwAA",,,,Food Pantry
food,Rainbow 7th-day Adventist,1400 Palou (at Keith; entrance on Keith),"weekly food pantry (Monday), Produce, canned & dried goods.",,Mon 12pm,For SF residents. Photo ID required.,"https://maps.google.com/maps?q=1400+Palou+san+francisco&ie=UTF-8&hq=&hnear=0x808f7f11ab1a0f7b:0x1847c17e2b0ac9e9,1400+Palou+Ave,+San+Francisco,+CA+94124&gl=us&ei=Rx29ULjWFsGuiQLrl4Bo&ved=0CDEQ8gEwAA",,,,Food Pantry
food,St. Paul Tabernacle Baptist,1789 Oakdale (at Phelps),weekly food pantry (Friday),(415) 642-4965,Fri 11:30am-1:30pm,Must live in 94124 zip code. ID required.,"https://maps.google.com/maps?q=1789+Oakdale+san+francisco&ie=UTF-8&hq=&hnear=0x808f7f0424907657:0xb96a234b8745e429,1789+Oakdale+Ave,+San+Francisco,+CA+94124&gl=us&ei=YB29UMLaIYz0iwLWo4HACQ&ved=0CDEQ8gEwAA",,,,Food Pantry
food,United Council of Human Services,1065 Oakdale (nr. Ingalls).,weekly food pantry (Wednesday),(415) 643-1700,,Sign up Wed 8am (with ID); food given out Wed 9:30am. Those not signed up may line up Wed 8:30am to see if there is extra,"https://maps.google.com/maps?q=1065+Oakdale+san+francisco&ie=UTF-8&hq=&hnear=0x808f7f14e28d0ca5:0xa2a1353aa375849b,1065+Oakdale+Ave,+San+Francisco,+CA+94124&gl=us&ei=qI2_UOWnO-fziQLQkoDoBQ&ved=0CDEQ8gEwAA",,,,Food Pantry
food,Arriba Juntos,1850 Mission (between 14th & 15th St),weekly food pantry (Thursday),(415) 487-3240,Thurs 9am,Sign up Thurs 8:30am to get groceries at 9am. Must live in 94110 or 94103 zipcode. ID required,"https://maps.google.com/maps?q=1850+mission+st+san+francisco+ca&ie=UTF-8&hq=&hnear=0x808f7e2161356897:0x617b1fa8b82aba58,1850+Mission+St,+San+Francisco,+CA+94103&gl=us&ei=PJK_UPnaMI3ciQK4_YCABQ&ved=0CDEQ8gEwAA",,,,Food Pantry
food,Fill up America,1050 S. VAN NESS (bet. 21st & 22nd),weekly food pantry (Friday),(800) 994-0041,Fri 10:45-11:30am,Line up Fri 9:30am to get food 10:45-11:30am,"https://maps.google.com/maps?q=1050+S.+VAN+NESS+san+francisco&ie=UTF-8&hq=&hnear=0x808f7e3dcd7af123:0x3f1814628d25287f,1050+S+Van+Ness+Ave,+San+Francisco,+CA+94110&gl=us&ei=Upu_UP_dNuveigKl1oDwCw&ved=0CDEQ8gEwAA",,,,Food Pantry
food,"Salvation Army, Mission",156 VALENCIA (bet. 22nd & 23rd Sts),Food pantry. Call for interview M–Th 9am-12pm.,(415) 648-0260,," Must live in 94107, 94110, 94112, 94114, or 94131 zip code. English, Spanish.","https://maps.google.com/maps?q=156+VALENCIA+san+francisco&ie=UTF-8&hq=&hnear=0x808f7e2073ab6651:0xe0a340c0e474dc4c,156+Valencia+St,+San+Francisco,+CA+94103&gl=us&ei=eLi_UIT-NYf1igL1ooHIDw&ved=0CDEQ8gEwAA",,,,Food Pantry
food,St. Aidan's,101 GOLDMINE DR (at Diamond Heights Blvd),,,Fri 1-2pm,"Produce, canned & dry goods. Must live in 94131 zip code. ID required","https://maps.google.com/maps?q=101+GOLDMINE+DR+san+francisco&ie=UTF-8&hq=&hnear=0x808f7e7231b39983:0x336500345e71abb9,101+Gold+Mine+Dr,+San+Francisco,+CA+94131&gl=us&ei=pre_ULepLaK6igKa0oDoDw&ved=0CDEQ8gEwAA",,,,Food Pantry
food,Women's Building,18TH ST. (bet. Valencia & Guerrero),,(415) 431-1180 ext. 11,,"For immigrant SF residents only. Sign up 9:30am Oct 1 to pick up weekly groceries for the next 6 months; if not signed up, come Mon 11am to see if there is extra. Bring a bag. English, Cantonese, Spanish.","https://maps.google.com/maps?q=18TH+St+san+francisco&ie=UTF-8&hq=&hnear=0x808f7e3b062505a7:0x3a5f2d53938d362c,18th+St,+San+Francisco,+CA&gl=us&ei=PLm_UO2zNJDhiwKZvoCoAQ&ved=0CDEQ8gEwAA",,,,Food Pantry
food,Calvary United Methodist Church,1400 Judah (nr. 19th Ave),weekly food pantry (Friday),(415) 566-3704,Fri 8-10am.,"Must live in 94121 or 94122 zip code. ID required. English, Cantonese, Mandarin, Tagolog.","https://maps.google.com/maps?q=1400+Judah+san+francisco&ie=UTF-8&hq=&hnear=0x80858765aebb4301:0x5e4a5ff155dab558,1400+Judah+St,+San+Francisco,+CA+94122&gl=us&ei=tLm_UPa5AaKGjAKY1YCoAw&ved=0CDEQ8gEwAA",,,,Food Pantry
food,OMI Family Resource Ctr,650 CAPITOL (near Montana),weekly food pantry (Tuesday),(415) 406-1370,Tues 11am-noon,"Apply Tues 9am-12pm for weekly appt to pick up food Tues 11am-noon. Must live in 94112, 94116, or 94132 zip code. Photo ID & proof of current address required.","https://maps.google.com/maps?q=650+CAPITOL+san+francisco&ie=UTF-8&hq=&hnear=0x808f7c31c3031453:0x991721fbffe10e19,650+Capitol+Ave,+San+Francisco,+CA+94112&gl=us&ei=Y7y_UN7NB4fxiwKc44HAAQ&ved=0CD0Q8gEwAA",,,,Food Pantry
food,OMI Senior Ctr,65 BEVERLY (at Holloway),weekly food pantry (Thursday) and monthly food box for seniors (60+) & disabled adults.,(415) 334-5550,Thurs 9am-noon,"For seniors (60+) & disabled adults. Sign up M-W 8:30am-2pm, Fri 8:30am-2pm for weekly appointment to pick up food Thurs 9am-noon; sign up for food boxes 9am-12pm 4th Mon of the month. Photo ID, proof of income, & proof of current address required for both services. English, Cantonese, Mandarin, Spanish, Tagalog, Vietnamese.","https://maps.google.com/maps?q=65+BEVERLY+san+francisco&ie=UTF-8&hq=&hnear=0x808f7c4adb74e467:0x43af1c58f415e715,65+Beverly+St,+San+Francisco,+CA+94132&gl=us&ei=2b2_UPKhGYqDiwKrs4HQAg&ved=0CDEQ8gEwAA",,,,Food Pantry
food,Temple United Methodist Church,"65 BEVERLY (at
19th Ave).",weekly food pantry (Wednesday). Call for Appointment,211,Wed 4-7pm,"Call 211 to apply for a weekly appt to pick up food Wed 4-7pm. Must live in zip code 94112, 94116, 94127, or 94132. Approved clients must bring registration card & photo ID with current address to pick up food.","https://maps.google.com/maps?q=65+beverly+st+san+francisco&ie=UTF-8&hq=&hnear=0x808f7c4adb74e467:0x43af1c58f415e715,65+Beverly+St,+San+Francisco,+CA+94132&gl=us&ei=tMO_UIyHKKjGiwKx-4CYBw&ved=0CDEQ8gEwAA",,,,Food Pantry
food,Mary Elizabeth Inn,1040 Bush St (near Jones),weekly food pantry (Wednesday). Women only.,(415) 673-6768,Wed 9am-10am,line up 9am Wed; food given out 9-10am; bring a bag.,"https://maps.google.com/maps?q=1040+bush+st+san+francisco&ie=UTF-8&hq=&hnear=0x80858092437ed05f:0x4683e6192ec50eee,1040+Bush+St,+San+Francisco,+CA+94109&gl=us&ei=OsS_ULzcNoz0iwL9xoDwCA&ved=0CDEQ8gEwAA",,,,Food Pantry
food,Project Open Hand,730 POLK (near Ellis),food pantry for people with HIV/AIDS or breast cancer,(800) 551-6325,,"People with symptomatic HIV or AIDS or breast cancer: call M-Sa 9am-4pm for interview appt. If accepted, pick up food Tues 9am-4pm, Wed-Sat 11am-4pm. Proof of diagnosis & SF residency & photo ID required.","https://maps.google.com/maps?q=730+polk+san+francisco&ie=UTF-8&hq=&hnear=0x80858097268eb259:0xd16291c7c996c592,730+Polk+St,+San+Francisco,+CA+94109&gl=us&ei=uMW_UMHcFIHViwKt1YDwBg&ved=0CDEQ8gEwAA",,,,Food Pantry
food,S.F. Rescue Mission,140 TURK (bet. Taylor & Jones),sign up to get food one Thursday a month,(415) 441-1628,,Sign up Wed 12-12:30pm to get food one Thurs a month 12-12:30pm. Must live in 94102 zip code. Photo ID & proof of address required,"https://maps.google.com/maps?q=140+TURK+san+francisco&ie=UTF-8&hq=&hnear=0x8085808543cf4bc7:0x8e2a67517d4a2f2f,140+Turk+St,+San+Francisco,+CA+94102&gl=us&ei=_sS_UOrzF6nuiQKnxYDoBw&ved=0CDEQ8gEwAA",,,,Food Pantry
food,Salvation Army Chinatown,1450 POWELL (nr Broadway),weekly food pantry (Friday),(415) 781-7002, Fri 3pm,"Call MWF 9am-4pm for interview appt. If accepted, get food Fri 3pm. If not
signed up, come Fri 2:30pm to see if there’s extra food. Must live in 94108, 94109, 94111, 94123, 94129, 94130, 94133, or 94158 zip code. English, Cantonese, Mandarin.","https://maps.google.com/maps?q=1450+POWELL+san+francisco&ie=UTF-8&hq=&hnear=0x808580f23181a54f:0x5c27307453ea7c28,1450+Powell+St,+San+Francisco,+CA+94133&gl=us&ei=HMa_UKy3LKjyigLC2YDwAw&ved=0CDEQ8gEwAA",,,,Food Pantry
food,Salvation Army Kroc Center,240 TURK (nr. Jones).,weekly food pantry (Friday),(415) 345-3414,,"Register Friday 7:30am to get food the following Friday. Must live in 94102, 94103, 94115, 94117, 94118, or 94121 zip code. ID required.","https://maps.google.com/maps?q=240+TURK+san+francisco&ie=UTF-8&hq=&hnear=0x8085809aae0e1955:0x76ba9b6f4745b436,240+Turk+St,+San+Francisco,+CA+94102&gl=us&ei=L7e_UJycA4qkiQL4poGwCg&ved=0CDEQ8gEwAA",,,,Food Pantry
food,Salvation Army South of Market,360 4TH ST. (nr. Folsom),weekly food pantry (Friday),(415) 777-2677,Fri 8:30am ,"Food given out Fri 8:30am (line up early to get a number). You must live in 94104 or 94105 zip code. ID required. English, Cantonese, & Mandarin.","https://maps.google.com/maps?q=360+4TH+ST+san+francisco&ie=UTF-8&hq=&hnear=0x8085807e3d3b9515:0x29de7279c9a50ec4,360+4th+St,+San+Francisco,+CA+94107&gl=us&ei=r7a_UNa7CuW8iwK0j4H4DA&ved=0CDEQ8gEwAA",,,,Food Pantry
food,Youth With A Mission,357 ELLIS (near Jones).,weekly food pantry (Thursday),(415) 885-6543,Thurs 1:30pm,Line up Thur 11am; food given out. Must live in 94102 zip code. ID required,"https://maps.google.com/maps?q=357+ellis+st+san+francisco&ie=UTF-8&hq=&hnear=0x8085808fe645e2b1:0xb9e7479dae96927a,357+Ellis+St,+San+Francisco,+CA+94102&gl=us&ei=K7a_UJ-ALsPkiwKHgIGYCQ&ved=0CDEQ8gEwAA",,,,Food Pantry
food,Bethel AME Church,916 LAGUNA (at Golden Gate).,provides weekly boxes of food for six months. must sign up,(415) 921-4935,,"Apply 8am-noon Fri, Oct 12 for a randomly-assigned appt (not first-come-firstserved) to get food weekly for six months. ID required. Bring a bag","https://maps.google.com/maps?q=916+LAGUNA+san+francisco&ie=UTF-8&hq=&hnear=0x808580bd278140e3:0x775c46b39d7349f,916+Laguna+St,+San+Francisco,+CA+94115&gl=us&ei=97-_UNTTG8TVigKO0IGACg&ved=0CDEQ8gEwAA",,,,Food Pantry
food,Booker T. Washington Community Svce Ctr.,800 PRESIDIO (at Sutter).,weekly food pantry (Thursday),(415) 928-6596,Thur 11:30am-1pm,"Call Wed 9am-noon for appt to get food Thur 11:30am-1pm. Produce, canned & dry goods. Photo ID required.","https://maps.google.com/maps?q=800+PRESIDIO+san+francisco&ie=UTF-8&hq=&hnear=0x808580cac88eb57b:0xa9a0a393814f9107,800+Presidio+Ave,+San+Francisco,+CA+94115&gl=us&ei=Rr-_UKnbNu30iwLewYGwBw&ved=0CDEQ8gEwAA",,,,Food Pantry
food,First Friendship Institutional Baptist Church,501 STEINER (at Oak).,weekly food pantry (Friday),(415) 431-4775,,Sign up 9am Friday for appt to pick up food Fri morning. You must live in 94115 or 94117 zip code. Bring a bag. Photo ID required.,"https://maps.google.com/maps?q=501+STEINER+san+francisco&ie=UTF-8&hq=&hnear=0x808580a5ca795ce7:0xd793ed648857f708,501+Steiner+St,+San+Francisco,+CA+94117&gl=us&ei=vMC_UNOtGM3OigKdx4DYBg&ved=0CDEQ8gEwAA",,,,Food Pantry
food,Jones Memorial United Methodist Church,1975 POST (at Steiner).,weekly food pantry,(415) 921-7653,,"Sign up 10:30-11:30am Sat for weekly appt to pick up food. Must live in 94102, 94109 or 94115 zip code. ID & proof of current address required. Bring a bag.","https://maps.google.com/maps?q=1975+post+street+san+francisco+ca&ie=UTF-8&hq=&hnear=0x808580b8376072f1:0x2c168a6de75da45e,1975+Post+St,+San+Francisco,+CA+94115&gl=us&ei=KsG_UNiKDYaUjAK_zIGIAw&ved=0CDEQ8gEwAA",,,,Food Pantry
food,Korean American Senior Service,745 BUCHANAN (at Grove),weekly food pantry (Friday),(415) 255-9371,Fri 9-11am,ID required,"https://maps.google.com/maps?q=745+BUCHANAN+san+francisco&ie=UTF-8&hq=&hnear=0x808580a30ca942df:0xdd71f28fe78c8b1b,745+Buchanan+St,+San+Francisco,+CA+94102&gl=us&ei=6Jq_UPi5IcTXigLmm4HwBQ&ved=0CDEQ8gEwAA",,,,Food Pantry
food,Macedonia Missionary Baptist Church,2135 SUTTER (near Pierce).,weekly food pantry (Wednesday),,Wed 10am-12pm,"Must live in 94102, 94109, or 94115 zip code. ID required","https://maps.google.com/maps?hl=en&q=2135+SUTTER+san+francisco&ie=UTF-8&hq=&hnear=0x808580b7f90942ab:0x573d194f07089b0d,2135+Sutter+St,+San+Francisco,+CA+94115&gl=us&ei=oJq_UIytBMiviALU9oCwAw&ved=0CDIQ8gEwAA",,,,Food Pantry
food,St. Andrew Missionary Baptist Church,2565 POST (near Baker).,weekly food pantry (wednesday). sign up to get food for the the next 90 days,,Wed 10:15am,"Don’t line up before 8am. Sign up Wed Jan 2, 8:15am for appt to get food Wed morning for next 90 days. Those not signed up can come Wed 10:15am to see if there’s extra food. No ID required, just a smile.","https://maps.google.com/maps?q=2565+POST+san+francisco&ie=UTF-8&hq=&hnear=0x808580b57f9b0785:0xd070053c72c1a7bc,2565+Post+St,+San+Francisco,+CA+94115&gl=us&ei=AcK_UOqCNqGkigLzsoD4Bg&ved=0CDEQ8gEwAA",,,,Food Pantry
food,Treasure Island Homeless Development Initiative,"850 AVENUE I ON TREASURE ISLAND (at 9th St, in the Shipshape Building).",weekly food pantry (Tuesday),(415) 274-0311,Tues 3-4:30pm.,For Treasure Island residents only. ID & lease required.,"https://maps.google.com/maps?hl=en&q=Treasure+Island,+850+Avenue+I,+San+Francisco,+CA&ie=UTF-8&hq=&hnear=0x808581cd6c85feed:0xc60fedb9eb73d7d9,850+Avenue+I,+San+Francisco,+CA+94130&gl=us&ei=KZq_UPO7E8m0iwKS-YC4Cg&ved=0CH8QtgM",,,,Food Pantry
food,Supplemental Food Program,,Citywide program. Call 211 for nearest location to get one 35lb box of dry & canned goods per month. For SF residents age 60+ & non-WIC families with children under 6. Must provide proof of age & income.,211,,,,,,,Citywide Food Program
food,WIC,,"WIC provides food vouchers, info & support for breastfeeding, & nutritional counseling. You can take vouchers to some grocery stores for fruits & vegetables, whole grains, beans (or peanut butter), cereal, juice, eggs, milk, cheese, iron-fortified infant formula & baby food for infants.",(415) 575-5788,"M-F 8am-12pm, 1-5pm","Women who are pregnant of have children under 5 years, call for referral to sign up in one of 6 locations. Bring proof of income, address, & verification of pregnancy. ",,,,,Citywide Food Program
food,Glide Memorial Church,330 Ellis Street,"Dinning room that serves breakfast, lunch, and dinner Monday-Friday. Limited Food Service Saturday and Sunday.",(415) 674-6043,"8am - 9am Everyday, Noon - 1:30pm Everyday, 4pm - 5:30pm (Monday - Friday)",Breakfast: Every day from 8am until tickets run out; Seniors (over age 60) 7:30am. Lunch: Every day from noon until tickets run out; bag meal (2 sandwiches+) given out after lunch Sat & Sun. Dinner: Monday-Friday from 4pm until tickets run out.,"https://maps.google.com/maps?q=330+Ellis+Street+san+francisco&ie=UTF-8&hq=&hnear=0x8085808f94d546d7:0x60a6700d1d886fcf,330+Ellis+St,+San+Francisco,+CA+94102&gl=us&ei=nru_ULTaCqe9iwLzsoHYAg&ved=0CD4Q8gEwAQ",,,Yes,Meal Service
food,St. Anthony Foundation,150 Golden Gate,"Dinning room that serves lunch everyday. All entrees served with fruit, vegetables, bread, beverage, and dessert!",(415) 241-2690,"10:00am-11:30am (Seniors), 11:30am-1:30 pm",Full-course meal. Families & folks age 60+ or unable to carry a tray: 10-11:30am. All others: 11:30am-1:30pm. When you arrive you will be given a number for a meal. You may be asked to go wait at 240 Golden Gate until your number is called. ,"https://maps.google.com/maps?q=150+golden+gate+san+francisco&ie=UTF-8&hq=&hnear=0x8085809ac9335d89:0x29796d7f896bd754,150+Golden+Gate+Ave,+San+Francisco,+CA+94102&gl=us&ei=Zse_UL6xD-70igLGmYCgAQ&ved=0CDEQ8gEwAA",,,Yes,Meal Service
food,All Saints' Episcopal Church,1350 WALLER,Dinning room serving Saturday Brunch,(415) 621-1862,Saturday 10:30-11:30am,"Meat; potatoes or pasta or rice; vegetables, salad, pastry, coffee & bread","https://maps.google.com/maps?q=1350+waller+san+francisco&ie=UTF-8&hq=&hnear=0x808580acb00137bd:0x44c7ce764a5ba587,1350+Waller+St,+San+Francisco,+CA+94117&gl=us&ei=stPAUKeBM6noiwK4u4GYCA&ved=0CDEQ8gEwAA",,,,Meal Service
food,City Team Ministries,164 - 6TH ST. (btw. Mission & Howard),A hot meal served 5 days a week,(415) 861-8688,"Tues-Fri 5:45pm (for church group)/ 6pm for meal, Sat 1pm-3pm",Dinner: Tues-Fri arrive 5:45pm for 6pm church group (optional) & dinner. Those who come to church group are fed first. A hot meal. Clothes & foot care available at Sat lunch. Medical clinic 2nd & 4th Sat of each month.,"https://maps.google.com/maps?q=164+6th+street+san+francisco&ie=UTF-8&hq=&hnear=0x80858083fa35a90f:0x8c8902e2c4e222ad,164+6th+St,+San+Francisco,+CA+94103&gl=us&ei=ANTAUIegLcvwiQKX5IDwBA&ved=0CDEQ8gEwAA",,,,Meal Service
food,Curry Senior Center,333 TURK (btw. Hyde & Leavenworth),Dining room serving seniors. Breakfast and lunch served everyday,(415) 292-1086,"8-9am, 11am-12pm",For those age 60 & over with ID. $2 suggested donation; no one turned away for lack of funds. Sign up 8am for lunch.,"https://maps.google.com/maps?q=333+turk+san+francisco&ie=UTF-8&hq=&hnear=0x8085809a998e9555:0xd59ea05f7f6c3ee7,333+Turk+St,+San+Francisco,+CA+94102&gl=us&ei=6dbAUKjXHMm0igLQ_4C4Dg&ved=0CDEQ8gEwAA",,,,Meal Service
food,Curry Without Worry,HYDE & FULTON (by the statue of Bolívar),A hot meal served once a week (Tuesdays) for dinner.,(415) 418-4361,Tues 5:30pm until food runs out,"Vegan! Curried vegetables, 9-bean soup, puris, rice, & chutney. ","https://maps.google.com/maps?hl=en&q=HYDE+%26+FULTON+san+francisco&ie=UTF-8&hq=&hnear=0x8085809b0ee7ce85:0x36cac2193e914046,Fulton+St+%26+Hyde+St,+San+Francisco,+CA+94102&gl=us&ei=s_PIUL_UJsWYiAKRg4HYAw&ved=0CCsQ8gEwAA",,,,Meal Service
food,Food Not Bombs (UN PLAZA),UN PLAZA (Market btw 7th & 8th Sts),A hot meal served twice a week for dinner.,,"Mon 6:30pm, Wed 6pm",Vegan! soup &/or entree;bread (may have animal products); often salad. Bring your own bowl. Meal times vary: often late or cancelled.,"https://maps.google.com/maps?q=un+plaza+san+francisco+ca&aq=1&sugexp=chrome,mod%3D3&um=1&ie=UTF-8&hl=en&sa=N&tab=wl&authuser=0",,,,Meal Service
food,Food Not Bombs (16TH & MISSION),16TH & MISSION (BART Plaza),A hot meal served twice a week for dinner.,,Mon& Thur 7pm,Vegan! soup &/or entree;bread (may have animal products); often salad. Bring your own bowl. Meal times vary: often late or cancelled.,"https://maps.google.com/maps?oe=utf-8&client=firefox-a&q=16TH+%26+MISSION+san+francisco&ie=UTF-8&hq=&hnear=0x808f7e239f0493ef:0xb458d4ac3faa3797,Mission+St+%26+16th+St,+San+Francisco,+CA+94103&gl=us&ei=3vPIUIaNGsShiQLivICYDA&ved=0CDEQ8gEwAA",,,,Meal Service
food,Food Not Bombs (HAIGHT & STANYAN),HAIGHT & STANYAN (Golden Gate Park),A hot meal served once a week for dinner.,,Sat 5pm,Vegan! soup &/or entree;bread (may have animal products); often salad. Bring your own bowl. Meal times vary: often late or cancelled.,"https://maps.google.com/maps?hl=en&client=firefox-a&q=HAIGHT+%26+STANYAN++san+francisco&ie=UTF-8&hq=&hnear=0x80858751990cfd51:0x68ef01954fbad53a,Stanyan+St+%26+Haight+St,+San+Francisco,+CA+94117&gl=us&ei=9vPIUMWAEcj6igLkkIHoCA&ved=0CC4Q8gEwAA",,,,Meal Service
food,Fraternié Notre Dame (Turk),54 TURK ST. (btw Market & Jones),A hot meal.,(415) 793-5686,Tues-Thurs 11:30am-1:30pm,,"https://maps.google.com/maps?q=54+TURK+ST+san+francisco&ie=UTF-8&hq=&hnear=0x80858085a1ccbfe7:0x2478da83ba0ba13a,54+Turk+St,+San+Francisco,+CA+94102&gl=us&ei=EA7BUIz0I4HoiQL09IHgCw&ved=0CDEQ8gEwAA",,,,Meal Service
food,Fraternitè Notre Dame (UN Plaza),UN PLAZA (Market btw 7th & 8th Sts),A hot meal.,(415) 793-5686,Tues 4pm-6pm,,"https://maps.google.com/maps?q=un+plaza+san+francisco+ca&aq=1&sugexp=chrome,mod%3D3&um=1&ie=UTF-8&hl=en&sa=N&tab=wl&authuser=0",,,,Meal Service
food,Jones Memorial United Methodist Church,1975 POST (near Steiner),"Full hot lunch the 2nd, 3rd &4th Wed of each month. Clothing &
toiletries available.",(415) 921-7653,Wed 11:30am-1pm,,"https://maps.google.com/maps?q=1975+post+street+san+francisco+ca&ie=UTF-8&hq=&hnear=0x808580b8376072f1:0x2c168a6de75da45e,1975+Post+St,+San+Francisco,+CA+94115&gl=us&ei=ggzBUOHmA6f8iQLj54G4AQ&ved=0CDEQ8gEwAA",,,,Meal Service
food,Martin De Porres,225 Poterero (near 16th street),Dinning room serving at least one meal a day.,(415) 552-0240,"Sun Brunch 9-10:30am, Mon Breakfast 6:30am-7:30am, Tues Breakfast 6:30am-7:30am, Tues Lunch 12pm-2pm, Wed Lunch 12pm-2pm, Thurs Breakfast 6:30am-7:30am, Thurs Lunch12pm-2pm, Fri Breakfast 6:30am-7:30am, Fri Lunch 12pm-2pm, Sat Lunch 12pm-2pm",Usually a vegetarian or vegan alternative. Breakfast: oatmeal & herb tea. Brunch: a hearty meal. Lunch: a hearty soup & salad.,"https://maps.google.com/maps?hl=en&client=firefox-a&q=225+Potrero+san+francisco&ie=UTF-8&hq=&hnear=0x808f7e2e06d47785:0x2ab047743401922f,225+Potrero+Ave,+San+Francisco,+CA+94103&gl=us&ei=4vTIUO2ULszriQLQ-4D4Dg&ved=0CDIQ8gEwAA",,,,Meal Service
food,North Peninsula Food Pantry & Dining Center of Daly City,31 Bepler (near Mission),Dinner served three times a year.,(650) 994-5150,"M 5pm-5:30pm, Tues 5pm-5:30pm, Thurs 5pm-5:30pm",,"https://maps.google.com/maps?hl=en&client=firefox-a&rls=org.mozilla:en-US:official&q=31+Bepler+san+francisco&bav=on.2,or.r_gc.r_pw.r_qf.&bvm=bv.1355325884,d.cGE&bpcl=39967673&biw=1013&bih=661&um=1&ie=UTF-8&sa=N&tab=wl",,,,Meal Service
food,Providence Foundation of SF,1601 McKinnon (at Mendell),Hearty Lunch every Wednsday.,(415) 206-0263,W 12:45pm-2pm,Optional Bible study before a hearty lunch.,"https://maps.google.com/maps?oe=utf-8&client=firefox-a&q=1601+McKinnon+san+francisco&ie=UTF-8&hq=&hnear=0x808f7f0f83b3defb:0x7d7df404fb83914d,1601+McKinnon+Ave,+San+Francisco,+CA+94124&gl=us&ei=FWjLUIrVGZD2igKOiYCQAw&ved=0CDUQ8gEwAA",,,,Meal Service
food,St. Peter & Paul Catholic Church,666 Filbert (near Washington Sq.),A simple sandwhich offered everyday.,(415) 421 0809,"Sun 4pm, M-F 6pm-6:30pm, Sat 4pm",,"https://maps.google.com/maps?hl=en&client=firefox-a&q=666+Filbert+san+francisco&ie=UTF-8&hq=&hnear=0x808580f05175ceb9:0xb037c4f3ac918cc7,666+Filbert+St,+San+Francisco,+CA+94133&gl=us&ei=umrLUL3QO9HZigLA-4D4CA&ved=0CDIQ8gEwAA",,,,Meal Service
food,S. F. Rescue Mission,140 Turk (btw. Taylor & Jones),"Breakfast and Dinner Monday through Friday.
",(415) 441-1628,"M-F 10:30am-10:45am, M-F 3:45pm",Breakfast is coffee and pastry. Full course dinner is served at 3:45 pm. Blankets may be available. Mandatoory church service at 4pm. Doors close at 4:15pm.,"https://maps.google.com/maps?hl=en&client=firefox-a&q=140+Turk+san+francisco&ie=UTF-8&hq=&hnear=0x8085808543cf4bc7:0x8e2a67517d4a2f2f,140+Turk+St,+San+Francisco,+CA+94102&gl=us&ei=CnPLUJ62HajxigKKiYDQAw&ved=0CDIQ8gEwAA",,,,Meal Service
food,Third Baptist Church,1399 McAllister (near Pierce),Hearty Lunch every Thursday,,Thurs 12:30pm-1:30pm,"Meat, bread, vegetables, salad, punch, & dessert.","https://maps.google.com/maps?hl=en&client=firefox-a&q=1399+McAllister+san+francisco&ie=UTF-8&hq=&hnear=0x808580babcc769f9:0x1690d802e0dcbfdf,1399+McAllister+St,+San+Francisco,+CA+94115&gl=us&ei=22jLUODfMo_ligKcuoHICw&ved=0CDIQ8gEwAA",,,,Meal Service
food,United Council of Human Services,2111 JENNINGS (at Van Dyke),Hot breakfast. Hot dinner.,(415) 671-1100,"M-F 7-9am, 5-7pm",,"https://maps.google.com/maps?q=2111+jennings+san+francisco+ca&ie=UTF-8&hq=&hnear=0x808f7f170b2bb921:0xcbf63d3470ca2efa,2111+Jennings+St,+San+Francisco,+CA+94124&gl=us&ei=9eDAULygK8qDjAK_74DwCA&ved=0CDEQ8gEwAA",,,,Meal Service
food,Calvary United Methodist Church,1400 Judah (near 19th Ave),"Hot breakfast on the first & third Sunday of the month. Pancakes, grits, eggs.",(415) 566-3704,Sun 10:30am-11am,,"https://maps.google.com/maps?hl=en&client=firefox-a&q=1400+Judah+san+francisco&ie=UTF-8&hq=&hnear=0x80858765aebb4301:0x5e4a5ff155dab558,1400+Judah+St,+San+Francisco,+CA+94122&gl=us&ei=g3fLUIX2EYe9iwKewoGIBQ&ved=0CDIQ8gEwAA",,,,Meal Service
food,First Friendship Institutional Baptist Church,501 STEINER (at Oak).,Hot meal forth Saturday of the month.,,Sat 12pm-3pm,,"https://maps.google.com/maps?q=501+STEINER+san+francisco&ie=UTF-8&hq=&hnear=0x808580a5ca795ce7:0xd793ed648857f708,501+Steiner+St,+San+Francisco,+CA+94117&gl=us&ei=vMC_UNOtGM3OigKdx4DYBg&ved=0CDEQ8gEwAA",,,,Meal Service
food,Iglesia Latina Americana de las Adventistas 7 Dia,3024 24th St (near Harrison),"Lacto-ovo-vegitarian! Eggs, rice, beans, & cocoa or punch served on the  third Sunday of each month.",,Sun 9:30am-11am,,"https://maps.google.com/maps?hl=en&client=firefox-a&q=3024+24th+St,+San+Francisco,+CA&ie=UTF-8&hq=&hnear=0x808f7e4886ce2781:0xd335844aae40ebbf,3024+24th+St,+San+Francisco,+CA+94110&gl=us&ei=GJvLUNSoJpDtiQKsyYCYAQ&ved=0CDIQ8gEwAA",,,,Meal Service
food,Macedonia Missionary Baptist Church,2135 SUTTER (near Pierce).,A full course meal the Saturday before the forth Sunday of each month. ,(415) 346-1154,Sat 11:30am-1pm,There is a short blessing before the meal.,"https://maps.google.com/maps?hl=en&q=2135+SUTTER+san+francisco&ie=UTF-8&hq=&hnear=0x808580b7f90942ab:0x573d194f07089b0d,2135+Sutter+St,+San+Francisco,+CA+94115&gl=us&ei=oJq_UIytBMiviALU9oCwAw&ved=0CDIQ8gEwAA",,,,Meal Service
food,Philadelphian 7th-Day Adventist Church,2520 Bush (at Divisadero),"Lacto-ovo-vegitarian! Fruit, cereal, juice, bread, milk, entree & hot beverage on the second & forth Sundays of the month.",(415) 567-0263,Sun 10am-noon,`,"https://maps.google.com/maps?hl=en&client=firefox-a&q=2520+bush+street+san+francisco+ca&ie=UTF-8&hq=&hnear=0x808580c9b9238587:0x10d0d88e8707e3d6,2520+Bush+St,+San+Francisco,+CA+94115&gl=us&ei=TZzLUI6eFan0iwL_poCICg&ved=0CDIQ8gEwAA",,,,Meal Service